epoch,time,train/box_loss,train/cls_loss,train/l1_loss,metrics/precision(B),metrics/recall(B),metrics/mAP50(B),metrics/mAP50-95(B),val/box_loss,val/cls_loss,val/l1_loss,lr/pg0,lr/pg1,lr/pg2
1,320.594,2.55542,2.09272,0.00573,0.66047,0.52073,0.55074,0.20888,2.22,1.45755,0.00451,0.000199303,0.000199303,0.080269
2,579.215,2.40305,1.5095,0.00539,0.67086,0.58951,0.62049,0.21947,2.24748,2.17205,0.00436,0.00039926,0.00039926,0.0604689
3,793.375,2.40752,1.41741,0.00542,0.7331,0.60615,0.64296,0.20613,2.4026,1.35681,0.00502,0.000599043,0.000599043,0.0406687
4,998.012,2.38946,1.43529,0.00537,0.64655,0.58154,0.60363,0.22357,2.3555,1.44953,0.00486,0.000798522,0.000798522,0.0208682
5,1232.01,2.33966,1.37754,0.00506,0.72559,0.70784,0.71525,0.28833,2.17771,1.05364,0.00418,0.000997568,0.000997568,0.00106725
6,1456,2.33118,1.38984,0.00502,0.73342,0.71692,0.7465,0.29286,2.16724,1.04577,0.00425,0.000997288,0.000997288,0.000997288
7,1661.6,2.30418,1.34497,0.00517,0.66075,0.66154,0.6497,0.25543,2.17747,1.25962,0.00423,0.000996097,0.000996097,0.000996097
8,1873.45,2.29913,1.32218,0.00504,0.76134,0.72,0.75813,0.30383,2.1083,1.03853,0.00415,0.00099469,0.00099469,0.00099469
9,2104.51,2.2892,1.26554,0.00506,0.75993,0.6136,0.71945,0.28054,2.20801,1.12572,0.00427,0.000993068,0.000993068,0.000993068
10,2308.67,2.29334,1.27591,0.00487,0.77587,0.74462,0.78122,0.30471,2.12851,1.0331,0.00422,0.000991232,0.000991232,0.000991232
11,2520.87,2.2735,1.20727,0.00487,0.75188,0.68923,0.74034,0.30668,2.10553,1.09503,0.00411,0.000989183,0.000989183,0.000989183
12,2727.07,2.23534,1.20942,0.00484,0.78582,0.67385,0.74839,0.30015,2.22139,1.05161,0.00422,0.000986922,0.000986922,0.000986922
13,2939.89,2.26246,1.19409,0.00489,0.79664,0.73231,0.78522,0.31018,2.10657,1.01089,0.00418,0.000984449,0.000984449,0.000984449
14,3154.6,2.24434,1.20746,0.00479,0.80511,0.72455,0.75472,0.32758,2.09983,0.9607,0.00412,0.000981765,0.000981765,0.000981765
15,3372.44,2.21086,1.19036,0.00471,0.77279,0.71385,0.75828,0.32361,2.07645,1.00269,0.00411,0.000978873,0.000978873,0.000978873
16,3582.5,2.22682,1.2411,0.00477,0.67251,0.66769,0.66358,0.26111,2.25891,1.19949,0.00439,0.000975773,0.000975773,0.000975773
17,3787.77,2.21052,1.21509,0.00472,0.75613,0.74154,0.75813,0.30384,2.07572,1.02413,0.00403,0.000972466,0.000972466,0.000972466
18,3995.52,2.22121,1.16118,0.00462,0.75636,0.71077,0.76733,0.32711,2.14659,0.98721,0.00402,0.000968955,0.000968955,0.000968955
19,4197.08,2.19056,1.1503,0.00457,0.8151,0.71692,0.77936,0.32094,2.13211,0.95456,0.00419,0.000965239,0.000965239,0.000965239
20,4404,2.18796,1.14434,0.00481,0.80902,0.72923,0.79321,0.3219,2.13797,0.96471,0.00413,0.000961322,0.000961322,0.000961322
21,4605.88,2.21762,1.1716,0.00463,0.71824,0.72161,0.74645,0.3016,2.18845,1.05191,0.00433,0.000957205,0.000957205,0.000957205
22,4808.15,2.16378,1.15694,0.00464,0.81675,0.72308,0.76467,0.31517,2.23393,0.96899,0.00437,0.000952889,0.000952889,0.000952889
23,5011,2.15577,1.13046,0.00455,0.81947,0.74154,0.80256,0.3326,2.14245,0.94458,0.00414,0.000948377,0.000948377,0.000948377
24,5222.54,2.15417,1.09497,0.0046,0.76026,0.73231,0.77729,0.33466,2.11524,0.92275,0.00407,0.000943671,0.000943671,0.000943671
25,5433.2,2.16358,1.09027,0.00456,0.73921,0.73538,0.75531,0.29705,2.16844,1.05866,0.00415,0.000938772,0.000938772,0.000938772
26,5637.38,2.12137,1.08956,0.00454,0.81142,0.74142,0.80983,0.34317,2.10555,0.86936,0.00405,0.000933683,0.000933683,0.000933683
27,5843.74,2.13295,1.10961,0.00458,0.76476,0.73846,0.78126,0.34088,2.03123,1.00291,0.00386,0.000928405,0.000928405,0.000928405
28,309.57,2.13093,1.10866,0.0044,0.80575,0.74769,0.80714,0.33246,2.12736,1.00016,0.00403,0.000922942,0.000922942,0.000922942
29,511.355,2.13383,1.05953,0.00449,0.77189,0.76615,0.81303,0.33943,2.07699,0.91138,0.004,0.000917296,0.000917296,0.000917296
30,710.217,2.10073,1.03069,0.00449,0.80291,0.72704,0.78412,0.32495,2.10145,0.9073,0.00416,0.000911469,0.000911469,0.000911469
31,908.606,2.09038,1.05797,0.00439,0.76104,0.76,0.7931,0.34084,2.08602,0.90336,0.00406,0.000905463,0.000905463,0.000905463
32,1110.94,2.08943,1.02491,0.00422,0.76394,0.74462,0.78452,0.34614,2.07467,0.8836,0.00394,0.000899282,0.000899282,0.000899282
33,1362.21,2.09419,1.06675,0.00429,0.79366,0.74559,0.80085,0.33989,2.08445,0.90805,0.00406,0.000892928,0.000892928,0.000892928
34,1573.81,2.06876,1.0304,0.00443,0.79809,0.72975,0.7847,0.35219,2.0362,0.92561,0.00389,0.000886404,0.000886404,0.000886404
35,1801.22,2.0708,1.02648,0.00431,0.80895,0.73538,0.79846,0.34289,2.11132,0.88701,0.00399,0.000879713,0.000879713,0.000879713
36,2012.26,2.06868,0.98609,0.00433,0.81256,0.72028,0.81903,0.35233,2.07441,0.89336,0.00399,0.000872857,0.000872857,0.000872857
37,2250.01,2.05971,0.97513,0.00411,0.79516,0.76444,0.82469,0.36471,2.07265,0.82204,0.00393,0.000865839,0.000865839,0.000865839
38,2476.62,2.02451,0.94325,0.0041,0.83929,0.75522,0.83002,0.35347,2.05282,0.86872,0.00399,0.000858664,0.000858664,0.000858664
39,2681.95,2.01315,0.92218,0.00408,0.84423,0.75077,0.82024,0.3545,2.03553,0.88232,0.00393,0.000851333,0.000851333,0.000851333
40,2896.89,2.03919,0.94246,0.00415,0.85976,0.77846,0.83548,0.38108,2.02492,0.80386,0.00383,0.000843851,0.000843851,0.000843851
41,328.679,2.00803,0.93923,0.00401,0.83747,0.75692,0.83294,0.36747,1.99914,0.84502,0.00377,0.00083622,0.00083622,0.00083622
42,545.337,1.98312,0.93017,0.00407,0.83409,0.77344,0.82413,0.36516,2.04684,0.79686,0.00384,0.000828443,0.000828443,0.000828443
43,759.876,1.9608,0.89157,0.00408,0.82019,0.74462,0.78609,0.34267,2.08035,0.85417,0.00401,0.000820525,0.000820525,0.000820525
44,974.159,1.95163,0.92705,0.00395,0.84752,0.75252,0.82108,0.36719,2.03142,0.81237,0.00378,0.000812468,0.000812468,0.000812468
45,1189.09,1.94534,0.89678,0.00381,0.83493,0.77231,0.82647,0.37589,2.03475,0.80574,0.00381,0.000804277,0.000804277,0.000804277
46,1405.99,1.96452,0.91299,0.00389,0.8517,0.77231,0.81682,0.37901,2.01625,0.80069,0.00376,0.000795954,0.000795954,0.000795954
47,1620.99,1.90638,0.84749,0.00391,0.81323,0.8,0.83792,0.37439,2.00743,0.83495,0.0038,0.000787503,0.000787503,0.000787503
48,1835.28,1.9063,0.8559,0.00381,0.84909,0.77846,0.84424,0.38745,1.98442,0.79928,0.00364,0.000778929,0.000778929,0.000778929
49,2085.71,1.91516,0.84326,0.00384,0.80172,0.78381,0.81487,0.36929,2.01965,0.80303,0.00378,0.000770234,0.000770234,0.000770234
50,2307.03,1.87317,0.83086,0.00361,0.81483,0.76615,0.82706,0.37638,1.98383,0.79281,0.00363,0.000761423,0.000761423,0.000761423
51,2529.4,1.8493,0.8205,0.0036,0.81295,0.79077,0.8421,0.37018,2.02078,0.78912,0.00381,0.0007525,0.0007525,0.0007525
52,2751.04,1.83746,0.81639,0.00361,0.76947,0.78056,0.80341,0.36158,2.0562,0.8003,0.00388,0.000743468,0.000743468,0.000743468
53,2976.71,1.86648,0.80358,0.0037,0.8312,0.77846,0.82898,0.3759,2.00526,0.76472,0.00374,0.000734332,0.000734332,0.000734332
54,3207.62,1.89655,0.83656,0.00375,0.80774,0.83077,0.83909,0.38834,2.00162,0.77041,0.0037,0.000725094,0.000725094,0.000725094
55,3450.68,1.87351,0.81635,0.00369,0.83064,0.78769,0.81732,0.38461,2.0239,0.72871,0.00373,0.000715761,0.000715761,0.000715761
56,3666.79,1.86309,0.81577,0.00369,0.8537,0.80799,0.85326,0.39412,1.98411,0.74196,0.00365,0.000706335,0.000706335,0.000706335
57,3891.12,1.86212,0.8027,0.00369,0.82135,0.78462,0.82935,0.37278,2.01766,0.77106,0.00379,0.00069682,0.00069682,0.00069682
58,4108.18,1.88352,0.80377,0.00363,0.80658,0.80615,0.82595,0.39284,1.98399,0.74364,0.0037,0.000687222,0.000687222,0.000687222
59,293.881,1.7846,0.77582,0.00342,0.84459,0.78462,0.82416,0.40235,1.90028,0.75458,0.00356,0.000677543,0.000677543,0.000677543
60,509.508,1.76822,0.75803,0.00345,0.84362,0.78016,0.81753,0.38927,1.92834,0.77531,0.00357,0.000667789,0.000667789,0.000667789
61,702.654,1.75014,0.74851,0.00344,0.81469,0.77231,0.80521,0.38827,1.96845,0.75304,0.00371,0.000657963,0.000657963,0.000657963
62,900.823,1.74442,0.74598,0.00339,0.86302,0.80615,0.84887,0.41215,1.90257,0.71888,0.00352,0.000648071,0.000648071,0.000648071
63,1123.42,1.72229,0.75202,0.00322,0.85862,0.8035,0.84873,0.41685,1.90192,0.71056,0.00345,0.000638115,0.000638115,0.000638115
64,1351.62,1.74096,0.74606,0.00331,0.85318,0.80923,0.84939,0.41629,1.914,0.70394,0.00346,0.000628101,0.000628101,0.000628101
65,1545.6,1.68885,0.70411,0.00331,0.85306,0.80308,0.84949,0.41591,1.92002,0.71136,0.00347,0.000618034,0.000618034,0.000618034
66,1737.52,1.69895,0.7078,0.00325,0.81719,0.81846,0.83965,0.42756,1.85625,0.70418,0.00337,0.000607916,0.000607916,0.000607916
67,1959.56,1.68478,0.70445,0.00322,0.85892,0.82426,0.86006,0.43043,1.89358,0.69481,0.00339,0.000597754,0.000597754,0.000597754
68,2174.46,1.66415,0.68322,0.00306,0.85167,0.81269,0.86805,0.42724,1.89195,0.69805,0.00338,0.000587551,0.000587551,0.000587551
69,2373.76,1.61803,0.67344,0.00299,0.86847,0.81846,0.85798,0.44065,1.8382,0.67129,0.00332,0.000577311,0.000577311,0.000577311
70,2598.56,1.62439,0.65788,0.00305,0.85222,0.82462,0.84907,0.43953,1.82997,0.65965,0.00327,0.00056704,0.00056704,0.00056704
71,2790.63,1.63324,0.65909,0.00307,0.84526,0.80676,0.85005,0.42479,1.88751,0.69607,0.00338,0.000556742,0.000556742,0.000556742
72,2984.74,1.65859,0.67169,0.00312,0.87763,0.81231,0.87351,0.43993,1.8435,0.64412,0.00334,0.000546421,0.000546421,0.000546421
73,3176.8,1.64556,0.67686,0.00309,0.8455,0.80615,0.84622,0.43519,1.82396,0.65571,0.00328,0.000536081,0.000536081,0.000536081
74,3372.89,1.62669,0.67141,0.00306,0.84013,0.83692,0.85482,0.42474,1.86459,0.66859,0.00339,0.000525728,0.000525728,0.000525728
75,3572.14,1.62753,0.65822,0.00305,0.81976,0.81169,0.8314,0.43049,1.8235,0.67576,0.00328,0.000515366,0.000515366,0.000515366
76,3777.35,1.63683,0.65098,0.00302,0.85291,0.79692,0.85811,0.43944,1.82994,0.65724,0.00324,0.000505,0.000505,0.000505
77,3982.31,1.65491,0.66666,0.00305,0.86246,0.82154,0.86157,0.45224,1.78434,0.6327,0.00316,0.000494634,0.000494634,0.000494634
78,4216.96,1.62119,0.65919,0.00315,0.88915,0.8,0.8615,0.44612,1.83942,0.6367,0.00327,0.000484272,0.000484272,0.000484272
79,4417.06,1.65576,0.67489,0.00305,0.87368,0.82996,0.86547,0.4362,1.83653,0.65027,0.00325,0.000473919,0.000473919,0.000473919
80,4622.37,1.62026,0.66827,0.00309,0.86209,0.85846,0.88284,0.45382,1.78971,0.61114,0.00314,0.000463579,0.000463579,0.000463579
81,4846.86,1.61106,0.65856,0.00305,0.85706,0.83023,0.86676,0.4602,1.74573,0.6114,0.00314,0.000453258,0.000453258,0.000453258
82,5065.91,1.60254,0.66042,0.003,0.84772,0.84923,0.86555,0.47169,1.72764,0.60593,0.00305,0.00044296,0.00044296,0.00044296
83,5264.09,1.56827,0.6286,0.00296,0.87981,0.8,0.8597,0.46967,1.72889,0.60174,0.00301,0.000432689,0.000432689,0.000432689
84,5460.48,1.53448,0.61112,0.00288,0.90153,0.83077,0.8726,0.47157,1.73082,0.58473,0.00302,0.000422449,0.000422449,0.000422449
85,5661.39,1.56082,0.62761,0.00298,0.87135,0.81538,0.86109,0.45734,1.73228,0.61633,0.003,0.000412246,0.000412246,0.000412246
86,5860.46,1.545,0.61239,0.00289,0.84295,0.85231,0.86429,0.45866,1.74402,0.59449,0.00299,0.000402084,0.000402084,0.000402084
87,6059.13,1.53376,0.59879,0.00279,0.8814,0.82319,0.86853,0.47677,1.71413,0.5871,0.00295,0.000391966,0.000391966,0.000391966
88,6284.58,1.58138,0.62137,0.00285,0.87894,0.84894,0.87382,0.47992,1.67348,0.59223,0.00292,0.000381899,0.000381899,0.000381899
89,6506.44,1.54263,0.60468,0.00279,0.89196,0.82769,0.89275,0.48592,1.70888,0.5735,0.00292,0.000371885,0.000371885,0.000371885
90,6714.07,1.54386,0.61542,0.00282,0.88342,0.86267,0.89555,0.49265,1.66715,0.5551,0.00285,0.000361929,0.000361929,0.000361929
91,6936.38,1.51951,0.60496,0.00275,0.88488,0.86462,0.89347,0.49234,1.68113,0.5541,0.00289,0.000352037,0.000352037,0.000352037
92,7135.79,1.52882,0.60016,0.00273,0.8824,0.85421,0.87927,0.50151,1.64781,0.5562,0.00282,0.000342211,0.000342211,0.000342211
93,7349.89,1.50961,0.60432,0.0027,0.90108,0.82154,0.87755,0.48254,1.6772,0.57757,0.00286,0.000332457,0.000332457,0.000332457
94,7544.72,1.48274,0.59541,0.00261,0.88822,0.83127,0.88634,0.49321,1.64967,0.55466,0.00281,0.000322778,0.000322778,0.000322778
95,7744.61,1.50036,0.60495,0.00273,0.88048,0.82769,0.87658,0.48804,1.6549,0.5795,0.00282,0.00031318,0.00031318,0.00031318
96,7950.81,1.45028,0.57432,0.0027,0.88819,0.83101,0.88463,0.49523,1.6454,0.56718,0.00279,0.000303665,0.000303665,0.000303665
97,8159.74,1.44304,0.57824,0.00266,0.88953,0.84239,0.88962,0.49975,1.63773,0.54301,0.00276,0.000294239,0.000294239,0.000294239
98,8359.42,1.43955,0.56978,0.00255,0.88699,0.84521,0.88794,0.48937,1.6643,0.54865,0.00282,0.000284906,0.000284906,0.000284906
99,8554.08,1.42835,0.55273,0.00262,0.91769,0.82335,0.88937,0.49783,1.64689,0.54727,0.0028,0.000275668,0.000275668,0.000275668
100,8761.12,1.43375,0.55771,0.00257,0.9015,0.84479,0.89111,0.50819,1.61654,0.54374,0.0027,0.000266532,0.000266532,0.000266532
101,8990.37,1.42999,0.56953,0.00251,0.91988,0.83692,0.8949,0.5174,1.58369,0.53311,0.00265,0.0002575,0.0002575,0.0002575
102,9208.9,1.3982,0.56107,0.00247,0.90736,0.84379,0.89187,0.51866,1.58468,0.52951,0.00267,0.000248577,0.000248577,0.000248577
103,9435.66,1.42047,0.55863,0.00254,0.89662,0.85397,0.89169,0.52082,1.57474,0.51957,0.00263,0.000239766,0.000239766,0.000239766
104,9665.18,1.39055,0.54949,0.00248,0.92043,0.82154,0.88557,0.50965,1.60002,0.54697,0.00267,0.000231071,0.000231071,0.000231071
105,9860.63,1.40553,0.55923,0.0025,0.89971,0.84615,0.89316,0.51692,1.59059,0.53143,0.00266,0.000222497,0.000222497,0.000222497
106,10060.1,1.40882,0.55196,0.00243,0.89746,0.86462,0.89462,0.52699,1.57355,0.53537,0.0026,0.000214046,0.000214046,0.000214046
107,10271,1.38787,0.55211,0.00243,0.88892,0.86184,0.89461,0.52111,1.58406,0.53572,0.00265,0.000205723,0.000205723,0.000205723
108,10465.7,1.39271,0.54272,0.00243,0.89817,0.84128,0.89022,0.52727,1.57094,0.52939,0.00263,0.000197532,0.000197532,0.000197532
109,10681,1.35166,0.53292,0.0024,0.90325,0.84,0.89255,0.53134,1.55888,0.53667,0.00254,0.000189475,0.000189475,0.000189475
110,10913.2,1.37322,0.53217,0.00241,0.89657,0.84308,0.89489,0.52725,1.54471,0.5278,0.00253,0.000181557,0.000181557,0.000181557
111,11116.7,1.36186,0.53735,0.00236,0.92614,0.81846,0.89169,0.53409,1.51891,0.5172,0.00249,0.00017378,0.00017378,0.00017378
112,11351.9,1.35452,0.53617,0.00233,0.93394,0.82655,0.89204,0.5302,1.553,0.51603,0.00257,0.000166149,0.000166149,0.000166149
113,11553.9,1.3428,0.52485,0.00233,0.93088,0.84,0.90097,0.52997,1.55032,0.51833,0.00254,0.000158667,0.000158667,0.000158667
114,11760,1.32915,0.51774,0.00242,0.93222,0.8464,0.90493,0.54203,1.51014,0.49363,0.00247,0.000151336,0.000151336,0.000151336
115,11986.1,1.34336,0.53202,0.00231,0.92986,0.8566,0.91365,0.5394,1.50237,0.50439,0.00247,0.000144161,0.000144161,0.000144161
116,12186.1,1.31191,0.50547,0.00232,0.91839,0.84615,0.90758,0.54337,1.49366,0.49589,0.00243,0.000137143,0.000137143,0.000137143
117,12404.1,1.33005,0.52585,0.00232,0.89344,0.85133,0.90593,0.54242,1.50144,0.49799,0.00246,0.000130287,0.000130287,0.000130287
118,307.295,1.27992,0.49258,0.00219,0.92336,0.85259,0.90854,0.54433,1.48967,0.50424,0.00241,0.000123596,0.000123596,0.000123596
119,536.642,1.26242,0.49017,0.0022,0.90072,0.85846,0.90605,0.54606,1.50235,0.49085,0.00244,0.000117072,0.000117072,0.000117072
120,739.733,1.25468,0.49255,0.00223,0.90583,0.8583,0.90101,0.54265,1.49256,0.49453,0.00242,0.000110718,0.000110718,0.000110718
121,938.231,1.25577,0.48907,0.00218,0.88458,0.85846,0.90596,0.54103,1.49187,0.49942,0.00242,0.000104537,0.000104537,0.000104537
122,1139.24,1.25546,0.48861,0.00213,0.90337,0.86295,0.91241,0.55046,1.47589,0.4817,0.00238,9.85311e-05,9.85311e-05,9.85311e-05
123,1356.25,1.25689,0.49745,0.00214,0.87948,0.87566,0.90749,0.54997,1.47182,0.49907,0.00237,9.2704e-05,9.2704e-05,9.2704e-05
124,1562.48,1.2172,0.46525,0.00217,0.90149,0.87292,0.90259,0.54664,1.47326,0.49032,0.00239,8.70577e-05,8.70577e-05,8.70577e-05
125,1771.62,1.23674,0.47685,0.00215,0.8941,0.85726,0.90762,0.54879,1.47947,0.49979,0.00239,8.15947e-05,8.15947e-05,8.15947e-05
126,1982.92,1.23968,0.46902,0.00212,0.88943,0.86626,0.90789,0.54909,1.47644,0.4956,0.00241,7.63174e-05,7.63174e-05,7.63174e-05
127,2187.84,1.21568,0.46216,0.00202,0.88023,0.88194,0.90512,0.55183,1.47839,0.48661,0.00242,7.12282e-05,7.12282e-05,7.12282e-05
128,2402.36,1.20864,0.46881,0.00203,0.89345,0.87721,0.90612,0.55247,1.47052,0.49165,0.00238,6.63292e-05,6.63292e-05,6.63292e-05
129,2628.74,1.19135,0.44924,0.00203,0.89502,0.88308,0.91393,0.54979,1.47152,0.49568,0.00239,6.16227e-05,6.16227e-05,6.16227e-05
130,2842.61,1.20976,0.45606,0.0021,0.89325,0.88,0.90901,0.54892,1.47367,0.48994,0.0024,5.71106e-05,5.71106e-05,5.71106e-05
131,3046.09,1.22495,0.47415,0.0021,0.9034,0.88615,0.90671,0.55695,1.45278,0.4842,0.00236,5.2795e-05,5.2795e-05,5.2795e-05
132,3280.31,1.20414,0.47521,0.00206,0.90729,0.86769,0.90556,0.55739,1.45603,0.48983,0.00234,4.86777e-05,4.86777e-05,4.86777e-05
133,3515.12,1.19891,0.47016,0.00205,0.91741,0.85231,0.90562,0.5577,1.46287,0.491,0.00237,4.47606e-05,4.47606e-05,4.47606e-05
134,3761.1,1.20805,0.47861,0.00209,0.90769,0.86769,0.91034,0.55944,1.46518,0.485,0.00237,4.10454e-05,4.10454e-05,4.10454e-05
135,324.229,1.18184,0.45397,0.00197,0.91518,0.86319,0.90722,0.55905,1.46119,0.48812,0.00235,3.75337e-05,3.75337e-05,3.75337e-05
136,536.822,1.16483,0.39672,0.00212,0.92647,0.85538,0.90204,0.5484,1.49036,0.47948,0.00239,3.4227e-05,3.4227e-05,3.4227e-05
137,752.664,1.15041,0.39908,0.00205,0.92082,0.85881,0.90158,0.54991,1.48338,0.48871,0.00238,3.11268e-05,3.11268e-05,3.11268e-05
138,971.253,1.14761,0.39739,0.00201,0.91511,0.86462,0.90083,0.54951,1.48408,0.48727,0.00238,2.82345e-05,2.82345e-05,2.82345e-05
139,1193.1,1.13036,0.38743,0.00199,0.90925,0.8632,0.90463,0.54947,1.48642,0.49311,0.00239,2.55513e-05,2.55513e-05,2.55513e-05
140,1411.51,1.13047,0.39418,0.00196,0.91529,0.86769,0.90529,0.55346,1.47781,0.48839,0.00238,2.30784e-05,2.30784e-05,2.30784e-05
141,1633.91,1.12102,0.38761,0.00197,0.90733,0.87077,0.90041,0.55202,1.47261,0.49838,0.00236,2.08169e-05,2.08169e-05,2.08169e-05
142,1864.04,1.12468,0.38497,0.002,0.89711,0.87692,0.89742,0.55036,1.47517,0.49452,0.00237,1.87678e-05,1.87678e-05,1.87678e-05
143,2089.67,1.11767,0.384,0.00199,0.90235,0.87385,0.90346,0.55528,1.46968,0.48596,0.00236,1.6932e-05,1.6932e-05,1.6932e-05
144,2311.79,1.11105,0.3786,0.00196,0.90596,0.87692,0.8954,0.557,1.46277,0.48553,0.00235,1.53102e-05,1.53102e-05,1.53102e-05
145,2542.8,1.10794,0.37891,0.00194,0.90682,0.86769,0.90403,0.55328,1.4698,0.48409,0.00237,1.39032e-05,1.39032e-05,1.39032e-05
146,2763.54,1.1044,0.38107,0.00195,0.90689,0.86911,0.90386,0.55357,1.46401,0.48678,0.00236,1.27117e-05,1.27117e-05,1.27117e-05
147,2995.63,1.10172,0.38054,0.00197,0.90835,0.86769,0.90121,0.55497,1.45898,0.48702,0.00235,1.1736e-05,1.1736e-05,1.1736e-05
148,3227.44,1.10646,0.37953,0.00197,0.91232,0.86443,0.90522,0.55588,1.45881,0.48198,0.00236,1.09768e-05,1.09768e-05,1.09768e-05
149,3463.32,1.11405,0.38321,0.00196,0.90639,0.86402,0.90204,0.55534,1.45918,0.48086,0.00236,1.04342e-05,1.04342e-05,1.04342e-05
150,3697.84,1.11529,0.38239,0.00197,0.90097,0.86776,0.90176,0.55713,1.45852,0.48269,0.00236,1.01086e-05,1.01086e-05,1.01086e-05
